<metadata xml:lang="en"><Esri><CreaDate>20131031</CreaDate><CreaTime>16293100</CreaTime><ArcGISFormat>1.0</ArcGISFormat><SyncOnce>FALSE</SyncOnce><DataProperties><itemProps><itemName Sync="TRUE">huc12_centroids</itemName><imsContentType Sync="TRUE" export="False">002</imsContentType><itemLocation><linkage Sync="TRUE">file://\\TS-02\Projects\Zonation\GIS\features\huc12_centroids.shp</linkage><protocol Sync="TRUE">Local Area Network</protocol></itemLocation><nativeExtBox><westBL Sync="TRUE">-384564.489500</westBL><eastBL Sync="TRUE">566275.275600</eastBL><southBL Sync="TRUE">-644920.227900</southBL><northBL Sync="TRUE">592275.797000</northBL><exTypeCode Sync="TRUE">1</exTypeCode></nativeExtBox><itemSize Sync="TRUE">0.000</itemSize></itemProps><coordRef><type Sync="TRUE">Projected</type><geogcsn Sync="TRUE">GCS_North_American_1983</geogcsn><peXml Sync="TRUE">&lt;ProjectedCoordinateSystem xsi:type='typens:ProjectedCoordinateSystem' xmlns:xsi='http://www.w3.org/2001/XMLSchema-instance' xmlns:xs='http://www.w3.org/2001/XMLSchema' xmlns:typens='http://www.esri.com/schemas/ArcGIS/10.1'&gt;&lt;WKT&gt;PROJCS[&amp;quot;NAD_1983_California_Teale_Albers&amp;quot;,GEOGCS[&amp;quot;GCS_North_American_1983&amp;quot;,DATUM[&amp;quot;D_North_American_1983&amp;quot;,SPHEROID[&amp;quot;GRS_1980&amp;quot;,6378137.0,298.257222101]],PRIMEM[&amp;quot;Greenwich&amp;quot;,0.0],UNIT[&amp;quot;Degree&amp;quot;,0.0174532925199433]],PROJECTION[&amp;quot;Albers&amp;quot;],PARAMETER[&amp;quot;False_Easting&amp;quot;,0.0],PARAMETER[&amp;quot;False_Northing&amp;quot;,-4000000.0],PARAMETER[&amp;quot;Central_Meridian&amp;quot;,-120.0],PARAMETER[&amp;quot;Standard_Parallel_1&amp;quot;,34.0],PARAMETER[&amp;quot;Standard_Parallel_2&amp;quot;,40.5],PARAMETER[&amp;quot;Latitude_Of_Origin&amp;quot;,0.0],UNIT[&amp;quot;Meter&amp;quot;,1.0],AUTHORITY[&amp;quot;EPSG&amp;quot;,3310]]&lt;/WKT&gt;&lt;XOrigin&gt;-16909700&lt;/XOrigin&gt;&lt;YOrigin&gt;-8597000&lt;/YOrigin&gt;&lt;XYScale&gt;266332319.7555542&lt;/XYScale&gt;&lt;ZOrigin&gt;-100000&lt;/ZOrigin&gt;&lt;ZScale&gt;10000&lt;/ZScale&gt;&lt;MOrigin&gt;-100000&lt;/MOrigin&gt;&lt;MScale&gt;10000&lt;/MScale&gt;&lt;XYTolerance&gt;0.001&lt;/XYTolerance&gt;&lt;ZTolerance&gt;0.001&lt;/ZTolerance&gt;&lt;MTolerance&gt;0.001&lt;/MTolerance&gt;&lt;HighPrecision&gt;true&lt;/HighPrecision&gt;&lt;WKID&gt;3310&lt;/WKID&gt;&lt;LatestWKID&gt;3310&lt;/LatestWKID&gt;&lt;/ProjectedCoordinateSystem&gt;</peXml><csUnits Sync="TRUE">Linear Unit: Meter (1.000000)</csUnits><projcsn Sync="TRUE">NAD_1983_California_Teale_Albers</projcsn></coordRef><lineage><Process ToolSource="C:\Program Files (x86)\ArcGIS\Desktop10.0\ArcToolbox\Toolboxes\Data Management Tools.tbx\CopyFeatures" Date="20120928" Time="175924" Name="" export="">CopyFeatures in_memory\huc_layer C:\Users\nrsantos\Desktop\send.gdb\nick_test_out # 0 0 0</Process><Process ToolSource="C:\Program Files (x86)\ArcGIS\Desktop10.0\ArcToolbox\Toolboxes\Data Management Tools.tbx\CalculateField" Date="20121003" Time="132924" Name="" export="">CalculateField nick_test_out original_error !error_reason_code! PYTHON_9.3 #</Process><Process ToolSource="C:\Program Files (x86)\ArcGIS\Desktop10.0\ArcToolbox\Toolboxes\Data Management Tools.tbx\CalculateField" Date="20121003" Time="133010" Name="" export="">CalculateField nick_test_out original_error [error_reason_code] VB #</Process><Process ToolSource="C:\Program Files (x86)\ArcGIS\Desktop10.0\ArcToolbox\Toolboxes\Data Management Tools.tbx\CalculateField" Date="20121003" Time="133038" Name="" export="">CalculateField nick_test_out original_error 'a' PYTHON_9.3 #</Process><Process ToolSource="C:\Program Files (x86)\ArcGIS\Desktop10.0\ArcToolbox\Toolboxes\Data Management Tools.tbx\CalculateField" Date="20121003" Time="133111" Name="" export="">CalculateField nick_test_out original_error !error_reason_code! PYTHON_9.3 #</Process><Process ToolSource="C:\Program Files (x86)\ArcGIS\Desktop10.0\ArcToolbox\Toolboxes\Data Management Tools.tbx\CalculateField" Date="20121003" Time="133639" Name="" export="">CalculateField nick_test_out HU_12_DS '180200030802' PYTHON_9.3 #</Process><Process ToolSource="C:\Program Files (x86)\ArcGIS\Desktop10.0\ArcToolbox\Toolboxes\Data Management Tools.tbx\CalculateField" Date="20121003" Time="144004" Name="" export="">CalculateField nick_test_out error_reason_code '' PYTHON_9.3 #</Process><Process ToolSource="C:\Program Files (x86)\ArcGIS\Desktop10.0\ArcToolbox\Toolboxes\Data Management Tools.tbx\CalculateField" Date="20121003" Time="152215" Name="" export="">CalculateField nick_test_out error_reason_code '' PYTHON_9.3 #</Process><Process ToolSource="C:\Program Files (x86)\ArcGIS\Desktop10.0\ArcToolbox\Toolboxes\Data Management Tools.tbx\CalculateField" Date="20121003" Time="152336" Name="" export="">CalculateField nick_test_out error_reason_code '' PYTHON_9.3 #</Process><Process ToolSource="C:\Program Files (x86)\ArcGIS\Desktop10.0\ArcToolbox\Toolboxes\Data Management Tools.tbx\CalculateField" Date="20121003" Time="154130" Name="" export="">CalculateField nick_test_out error_reason_code '' PYTHON_9.3 #</Process><Process ToolSource="C:\Program Files (x86)\ArcGIS\Desktop10.0\ArcToolbox\Toolboxes\Data Management Tools.tbx\CalculateField" Date="20121003" Time="154147" Name="" export="">CalculateField nick_test_out error_reason_code '' PYTHON_9.3 #</Process><Process ToolSource="C:\Program Files (x86)\ArcGIS\Desktop10.0\ArcToolbox\Toolboxes\Data Management Tools.tbx\CalculateField" Date="20121003" Time="154228" Name="" export="">CalculateField nick_test_out error_reason_code '' PYTHON_9.3 #</Process><Process ToolSource="C:\Program Files (x86)\ArcGIS\Desktop10.0\ArcToolbox\Toolboxes\Data Management Tools.tbx\CalculateField" Date="20121003" Time="154247" Name="" export="">CalculateField nick_test_out error_reason_code '' PYTHON_9.3 #</Process><Process ToolSource="C:\Program Files (x86)\ArcGIS\Desktop10.0\ArcToolbox\Toolboxes\Data Management Tools.tbx\CalculateField" Date="20121003" Time="172308" Name="" export="">CalculateField nick_test_out error_reason_code '' PYTHON_9.3 #</Process><Process ToolSource="C:\Program Files (x86)\ArcGIS\Desktop10.0\ArcToolbox\Toolboxes\Data Management Tools.tbx\CalculateField" Date="20121003" Time="172512" Name="" export="">CalculateField nick_test_out error_reason_code '' PYTHON_9.3 #</Process><Process ToolSource="C:\Program Files (x86)\ArcGIS\Desktop10.0\ArcToolbox\Toolboxes\Data Management Tools.tbx\CalculateField" Date="20121003" Time="172607" Name="" export="">CalculateField nick_test_out error_reason_code '' PYTHON_9.3 #</Process><Process ToolSource="C:\Program Files (x86)\ArcGIS\Desktop10.0\ArcToolbox\Toolboxes\Data Management Tools.tbx\CalculateField" Date="20121003" Time="173739" Name="" export="">CalculateField nick_test_out error_reason_code '' PYTHON_9.3 #</Process><Process ToolSource="c:\program files (x86)\arcgis\desktop10.0\ArcToolbox\Toolboxes\Data Management Tools.tbx\Project" Date="20130702" Time="173548" Name="" export="">Project E:\common_geodata\NHD_WBD\Corrected_HUC12s.gdb\CA_HUC8_and_all_Region18 E:\common_geodata\NHD_WBD\Corrected_HUC12s.gdb\CA_HUC8_and_all_Region18_Pro1 PROJCS['NAD_1983_Albers',GEOGCS['GCS_North_American_1983',DATUM['D_North_American_1983',SPHEROID['GRS_1980',6378137.0,298.257222101]],PRIMEM['Greenwich',0.0],UNIT['Degree',0.0174532925199433]],PROJECTION['Albers'],PARAMETER['False_Easting',0.0],PARAMETER['False_Northing',0.0],PARAMETER['Central_Meridian',-96.0],PARAMETER['Standard_Parallel_1',29.5],PARAMETER['Standard_Parallel_2',45.5],PARAMETER['Latitude_Of_Origin',23.0],UNIT['Meter',1.0]] # GEOGCS['GCS_North_American_1983',DATUM['D_North_American_1983',SPHEROID['GRS_1980',6378137.0,298.257222101]],PRIMEM['Greenwich',0.0],UNIT['Degree',0.0174532925199433]]</Process><Process ToolSource="c:\program files (x86)\arcgis\desktop10.1\ArcToolbox\Toolboxes\Data Management Tools.tbx\Project" Date="20131018" Time="130911" Name="" export="">Project C:\Users\nrsantos\Code\PISCES\utils\Corrected_HUC12s.gdb\CA_HUC8_and_all_Region18_alb C:\Users\nrsantos\Code\PISCES\utils\Corrected_HUC12s.gdb\CA_HUC8_and_all_Region18_teale_alb PROJCS['NAD_1983_California_Teale_Albers',GEOGCS['GCS_North_American_1983',DATUM['D_North_American_1983',SPHEROID['GRS_1980',6378137.0,298.257222101]],PRIMEM['Greenwich',0.0],UNIT['Degree',0.0174532925199433]],PROJECTION['Albers'],PARAMETER['False_Easting',0.0],PARAMETER['False_Northing',-4000000.0],PARAMETER['Central_Meridian',-120.0],PARAMETER['Standard_Parallel_1',34.0],PARAMETER['Standard_Parallel_2',40.5],PARAMETER['Latitude_Of_Origin',0.0],UNIT['Meter',1.0]] # PROJCS['NAD_1983_Albers',GEOGCS['GCS_North_American_1983',DATUM['D_North_American_1983',SPHEROID['GRS_1980',6378137.0,298.257222101]],PRIMEM['Greenwich',0.0],UNIT['Degree',0.0174532925199433]],PROJECTION['Albers'],PARAMETER['False_Easting',0.0],PARAMETER['False_Northing',0.0],PARAMETER['Central_Meridian',-96.0],PARAMETER['Standard_Parallel_1',29.5],PARAMETER['Standard_Parallel_2',45.5],PARAMETER['Latitude_Of_Origin',23.0],UNIT['Meter',1.0]]</Process><Process ToolSource="c:\program files (x86)\arcgis\desktop10.1\ArcToolbox\Toolboxes\Data Management Tools.tbx\CopyFeatures" Date="20131024" Time="120353" Name="" export="">CopyFeatures C:\Users\nrsantos\Code\PISCES\utils\Corrected_HUC12s.gdb\CA_HUC8_and_all_Region18_teale_alb C:\Users\nrsantos\Code\PISCES\data\pisces.mdb\HUCs\HUC12FullState # 0 0 0</Process><Process ToolSource="c:\program files (x86)\arcgis\desktop10.1\ArcToolbox\Toolboxes\Analysis Tools.tbx\Union" Date="20131029" Time="100527" Name="" export="">Union "HUC12FullState #;oldHUC12FullState_Dissolve #" C:\Users\nrsantos\Documents\ArcGIS\Default.gdb\HUC12FullState_Union ALL # GAPS</Process><Process ToolSource="c:\program files (x86)\arcgis\desktop10.1\ArcToolbox\Toolboxes\Data Management Tools.tbx\Merge" Date="20131029" Time="180655" Name="" export="">Merge Coastal_HUCs;OceanHUCs;HUC12FullState C:\Users\nrsantos\Documents\ArcGIS\Default.gdb\Coastal_HUCs_Merge "HUC_8 "HUC_8" true true false 8 Text 0 0 ,First,#,Coastal_HUCs,HUC_8,-1,-1,OceanHUCs,HUC_8,-1,-1,HUC12FullState,HUC_8,-1,-1;HUC_10 "HUC_10" true true false 10 Text 0 0 ,First,#,Coastal_HUCs,HUC_10,-1,-1,OceanHUCs,HUC_10,-1,-1,HUC12FullState,HUC_10,-1,-1;HUC_12 "HUC_12" true true false 12 Text 0 0 ,First,#,Coastal_HUCs,HUC_12,-1,-1,OceanHUCs,HUC_12,-1,-1,HUC12FullState,HUC_12,-1,-1;ACRES "ACRES" true true false 8 Double 0 0 ,First,#,Coastal_HUCs,ACRES,-1,-1,OceanHUCs,ACRES,-1,-1,HUC12FullState,ACRES,-1,-1;NCONTRB_A "NCONTRB_A" true true false 8 Double 0 0 ,First,#,Coastal_HUCs,NCONTRB_A,-1,-1,OceanHUCs,NCONTRB_A,-1,-1,HUC12FullState,NCONTRB_A,-1,-1;HU_10_GNIS "HU_10_GNIS" true true false 23 Text 0 0 ,First,#,Coastal_HUCs,HU_10_GNIS,-1,-1,OceanHUCs,HU_10_GNIS,-1,-1,HUC12FullState,HU_10_GNIS,-1,-1;HU_12_GNIS "HU_12_GNIS" true true false 23 Text 0 0 ,First,#,Coastal_HUCs,HU_12_GNIS,-1,-1,OceanHUCs,HU_12_GNIS,-1,-1,HUC12FullState,HU_12_GNIS,-1,-1;HU_10_DS "HU_10_DS" true true false 10 Text 0 0 ,First,#,Coastal_HUCs,HU_10_DS,-1,-1,OceanHUCs,HU_10_DS,-1,-1,HUC12FullState,HU_10_DS,-1,-1;HU_10_NAME "HU_10_NAME" true true false 80 Text 0 0 ,First,#,Coastal_HUCs,HU_10_NAME,-1,-1,OceanHUCs,HU_10_NAME,-1,-1,HUC12FullState,HU_10_NAME,-1,-1;HU_10_MOD "HU_10_MOD" true true false 20 Text 0 0 ,First,#,Coastal_HUCs,HU_10_MOD,-1,-1,OceanHUCs,HU_10_MOD,-1,-1,HUC12FullState,HU_10_MOD,-1,-1;HU_10_TYPE "HU_10_TYPE" true true false 1 Text 0 0 ,First,#,Coastal_HUCs,HU_10_TYPE,-1,-1,OceanHUCs,HU_10_TYPE,-1,-1,HUC12FullState,HU_10_TYPE,-1,-1;HU_12_DS "HU_12_DS" true true false 12 Text 0 0 ,First,#,Coastal_HUCs,HU_12_DS,-1,-1,OceanHUCs,HU_12_DS,-1,-1,HUC12FullState,HU_12_DS,-1,-1;HU_12_NAME "HU_12_NAME" true true false 80 Text 0 0 ,First,#,Coastal_HUCs,HU_12_NAME,-1,-1,OceanHUCs,HU_12_NAME,-1,-1,HUC12FullState,HU_12_NAME,-1,-1;HU_12_MOD "HU_12_MOD" true true false 20 Text 0 0 ,First,#,Coastal_HUCs,HU_12_MOD,-1,-1,OceanHUCs,HU_12_MOD,-1,-1,HUC12FullState,HU_12_MOD,-1,-1;HU_12_TYPE "HU_12_TYPE" true true false 1 Text 0 0 ,First,#,Coastal_HUCs,HU_12_TYPE,-1,-1,OceanHUCs,HU_12_TYPE,-1,-1,HUC12FullState,HU_12_TYPE,-1,-1;META_ID "META_ID" true true false 4 Text 0 0 ,First,#,Coastal_HUCs,META_ID,-1,-1,OceanHUCs,META_ID,-1,-1,HUC12FullState,META_ID,-1,-1;STATES "STATES" true true false 20 Text 0 0 ,First,#,Coastal_HUCs,STATES,-1,-1,OceanHUCs,STATES,-1,-1,HUC12FullState,STATES,-1,-1;error_reason_code "error_reason_code" true true false 2147483647 Text 0 0 ,First,#,Coastal_HUCs,error_reason_code,-1,-1,OceanHUCs,error_reason_code,-1,-1,HUC12FullState,error_reason_code,-1,-1;description "description" true true false 2147483647 Text 0 0 ,First,#,Coastal_HUCs,description,-1,-1,OceanHUCs,description,-1,-1,HUC12FullState,description,-1,-1;original_error "original_error" true true false 2147483647 Text 0 0 ,First,#,Coastal_HUCs,original_error,-1,-1,OceanHUCs,original_error,-1,-1,HUC12FullState,original_error,-1,-1;correction "correction" true true false 2147483647 Text 0 0 ,First,#,Coastal_HUCs,correction,-1,-1,OceanHUCs,correction,-1,-1,HUC12FullState,correction,-1,-1;source "source" true true false 2147483647 Text 0 0 ,First,#,Coastal_HUCs,source,-1,-1,OceanHUCs,source,-1,-1,HUC12FullState,source,-1,-1;SHAPE_Length "SHAPE_Length" false true true 8 Double 0 0 ,First,#,Coastal_HUCs,SHAPE_Length,-1,-1,OceanHUCs,SHAPE_Length,-1,-1,HUC12FullState,SHAPE_Length,-1,-1;SHAPE_Area "SHAPE_Area" false true true 8 Double 0 0 ,First,#,Coastal_HUCs,SHAPE_Area,-1,-1,OceanHUCs,SHAPE_Area,-1,-1,HUC12FullState,SHAPE_Area,-1,-1"</Process><Process ToolSource="c:\program files (x86)\arcgis\desktop10.1\ArcToolbox\Toolboxes\Data Management Tools.tbx\CopyFeatures" Date="20131030" Time="113217">CopyFeatures C:\Users\nrsantos\Code\PISCES\utils\HUC_12s_CWS_Mod.gdb\HUC12_AllCABasins_and_HUC8_CWSMod C:\Users\nrsantos\Code\PISCES\data\pisces.mdb\HUCs\HUC12FullState # 0 0 0</Process><Process ToolSource="c:\program files (x86)\arcgis\desktop10.1\ArcToolbox\Toolboxes\Data Management Tools.tbx\CalculateField" Date="20131030" Time="141926">CalculateField HUC12FullState HUC_10 slicer(!HUC_10!) PYTHON_9.3 "def slicer(val):\n  return "M" + val[1:]"</Process><Process ToolSource="c:\program files (x86)\arcgis\desktop10.1\ArcToolbox\Toolboxes\Data Management Tools.tbx\CalculateField" Date="20131030" Time="142004">CalculateField HUC12FullState HUC_8 slicer( !HUC_8! ) PYTHON_9.3 "def slicer(val):\n  return "M" + val[1:]"</Process><Process ToolSource="c:\program files (x86)\arcgis\desktop10.1\ArcToolbox\Toolboxes\Data Management Tools.tbx\CalculateField" Date="20131030" Time="142015">CalculateField HUC12FullState HUC_8 slicer( !HUC_8! ) PYTHON_9.3 "def slicer(val):\n  return "M" + val[1:]"</Process><Process ToolSource="c:\program files (x86)\arcgis\desktop10.1\ArcToolbox\Toolboxes\Analysis Tools.tbx\Union" Date="20131031" Time="161859">Union "Coastal_HUCs_Merge #;oldHUC12FullState_Dissolve #" C:\Users\nrsantos\Documents\ArcGIS\Default.gdb\HUC12FullState_Union1 ALL # GAPS</Process><Process ToolSource="c:\program files (x86)\arcgis\desktop10.1\ArcToolbox\Toolboxes\Data Management Tools.tbx\Merge" Date="20131031" Time="162531">Merge 'HUC12FullState_Union1 selection';Coastal_HUCs_Merge C:\Users\nrsantos\Documents\ArcGIS\Default.gdb\HUC12FullState_Union1_Merge "HUC_8 "HUC_8" true true false 8 Text 0 0 ,First,#,HUC12FullState_Union1 selection,HUC_8,-1,-1,Coastal_HUCs_Merge,HUC_8,-1,-1;HUC_10 "HUC_10" true true false 10 Text 0 0 ,First,#,HUC12FullState_Union1 selection,HUC_10,-1,-1,Coastal_HUCs_Merge,HUC_10,-1,-1;HUC_12 "HUC_12" true true false 12 Text 0 0 ,First,#,HUC12FullState_Union1 selection,HUC_12,-1,-1,Coastal_HUCs_Merge,HUC_12,-1,-1;ACRES "ACRES" true true false 8 Double 0 0 ,First,#,HUC12FullState_Union1 selection,ACRES,-1,-1,Coastal_HUCs_Merge,ACRES,-1,-1;NCONTRB_A "NCONTRB_A" true true false 8 Double 0 0 ,First,#,HUC12FullState_Union1 selection,NCONTRB_A,-1,-1,Coastal_HUCs_Merge,NCONTRB_A,-1,-1;HU_10_GNIS "HU_10_GNIS" true true false 23 Text 0 0 ,First,#,HUC12FullState_Union1 selection,HU_10_GNIS,-1,-1,Coastal_HUCs_Merge,HU_10_GNIS,-1,-1;HU_12_GNIS "HU_12_GNIS" true true false 23 Text 0 0 ,First,#,HUC12FullState_Union1 selection,HU_12_GNIS,-1,-1,Coastal_HUCs_Merge,HU_12_GNIS,-1,-1;HU_10_DS "HU_10_DS" true true false 10 Text 0 0 ,First,#,HUC12FullState_Union1 selection,HU_10_DS,-1,-1,Coastal_HUCs_Merge,HU_10_DS,-1,-1;HU_10_NAME "HU_10_NAME" true true false 80 Text 0 0 ,First,#,HUC12FullState_Union1 selection,HU_10_NAME,-1,-1,Coastal_HUCs_Merge,HU_10_NAME,-1,-1;HU_10_MOD "HU_10_MOD" true true false 20 Text 0 0 ,First,#,HUC12FullState_Union1 selection,HU_10_MOD,-1,-1,Coastal_HUCs_Merge,HU_10_MOD,-1,-1;HU_10_TYPE "HU_10_TYPE" true true false 1 Text 0 0 ,First,#,HUC12FullState_Union1 selection,HU_10_TYPE,-1,-1,Coastal_HUCs_Merge,HU_10_TYPE,-1,-1;HU_12_DS "HU_12_DS" true true false 12 Text 0 0 ,First,#,HUC12FullState_Union1 selection,HU_12_DS,-1,-1,Coastal_HUCs_Merge,HU_12_DS,-1,-1;HU_12_NAME "HU_12_NAME" true true false 80 Text 0 0 ,First,#,HUC12FullState_Union1 selection,HU_12_NAME,-1,-1,Coastal_HUCs_Merge,HU_12_NAME,-1,-1;HU_12_MOD "HU_12_MOD" true true false 20 Text 0 0 ,First,#,HUC12FullState_Union1 selection,HU_12_MOD,-1,-1,Coastal_HUCs_Merge,HU_12_MOD,-1,-1;HU_12_TYPE "HU_12_TYPE" true true false 1 Text 0 0 ,First,#,HUC12FullState_Union1 selection,HU_12_TYPE,-1,-1,Coastal_HUCs_Merge,HU_12_TYPE,-1,-1;META_ID "META_ID" true true false 4 Text 0 0 ,First,#,HUC12FullState_Union1 selection,META_ID,-1,-1,Coastal_HUCs_Merge,META_ID,-1,-1;STATES "STATES" true true false 20 Text 0 0 ,First,#,HUC12FullState_Union1 selection,STATES,-1,-1,Coastal_HUCs_Merge,STATES,-1,-1;Shape_Length "Shape_Length" false true true 8 Double 0 0 ,First,#,HUC12FullState_Union1 selection,Shape_Length,-1,-1,Coastal_HUCs_Merge,Shape_Length,-1,-1;Shape_Area "Shape_Area" false true true 8 Double 0 0 ,First,#,HUC12FullState_Union1 selection,Shape_Area,-1,-1,Coastal_HUCs_Merge,Shape_Area,-1,-1"</Process><Process ToolSource="c:\program files (x86)\arcgis\desktop10.2\ArcToolbox\Toolboxes\Data Management Tools.tbx\FeatureToPoint" Date="20140801" Time="130633">FeatureToPoint BASELAYER\HUC12FullState E:\Projects\Zonation\GIS\features\huc12_centroids.shp CENTROID</Process></lineage></DataProperties><SyncDate>20140801</SyncDate><SyncTime>13062600</SyncTime><ModDate>20140801</ModDate><ModTime>13062600</ModTime><ArcGISProfile>FGDC</ArcGISProfile><ArcGISstyle>FGDC CSDGM Metadata</ArcGISstyle><scaleRange><minScale>150000000</minScale><maxScale>50000</maxScale></scaleRange></Esri><dataIdInfo><envirDesc Sync="TRUE">Microsoft Windows Server 2008 R2 Version 6.1 (Build 7601) Service Pack 1; Esri ArcGIS 10.2.1.3497</envirDesc><dataLang><languageCode value="eng" country="USA"/><countryCode value="USA" Sync="TRUE"/></dataLang><idCitation xmlns=""><resTitle Sync="FALSE">HUC12FullState</resTitle><presForm xmlns=""><PresFormCd value="001"/></presForm></idCitation><descKeys><thesaName uuidref="723f6998-058e-11dc-8314-0800200c9a66"/><keyword Sync="TRUE">002</keyword></descKeys><spatRpType><SpatRepTypCd value="001"/></spatRpType><idPurp>This layer is HUC12s for all NHD regions that contact CA, or are upstream catchments of regions touching CA. It has been run through a tool that validated the HU_12_DS attribute based on a series of rules, and then the attribute was corrected for those that were wrong. So far, only the California HUC12s have been corrected. This layer also underwent further nonstandard modifications that make it somewhat incompatible with other HUC12 layers. See following sections</idPurp><searchKeys><keyword>HUC12</keyword><keyword>HUCs</keyword><keyword>HUC</keyword><keyword>Hydrologic Unit Codes</keyword><keyword>California</keyword></searchKeys><idCredit>Nick Santos, UC Davis Center for Watershed Sciences
nrsantos@ucdavis.edu</idCredit><dataExt xmlns=""><geoEle xmlns=""><GeoBndBox esriExtentType="search"><exTypeCode Sync="TRUE">1</exTypeCode><westBL Sync="TRUE">-124.718638</westBL><eastBL Sync="TRUE">-113.058443</eastBL><northBL Sync="TRUE">43.353144</northBL><southBL Sync="TRUE">32.044528</southBL></GeoBndBox></geoEle><exDesc>This layer is HUC12s for all NHD regions that contact CA, or are upstream catchments of regions touching CA. It has been run through a tool that validated the HU_12_DS attribute based on a series of rules, and then the attribute was corrected for those that were wrong. So far, only the California HUC12s have been corrected. </exDesc><tempEle><TempExtent><exTemp><TM_Period xmlns=""><tmBegin>2012-01-01T00:00:00</tmBegin><tmEnd>2014-12-31T00:00:00</tmEnd></TM_Period></exTemp></TempExtent></tempEle></dataExt><dataChar><CharSetCd value="004"/></dataChar><idStatus><ProgCd value="001"/></idStatus><resMaint xmlns=""><maintFreq><MaintFreqCd value="011"/></maintFreq></resMaint><idAbs>&lt;DIV STYLE="text-align:Left;"&gt;&lt;DIV&gt;&lt;P&gt;&lt;SPAN&gt;This layer was derived from the CWS Western_US_HUCs layer and developed to be the consistent HUC12 layer in use at the UC Davis Center for Watershed Sciences. In additiion to making a few corrections to the HU_12_DS fields, we chopped off the coastal buffer on the HUC12s using the following methods:&lt;/SPAN&gt;&lt;/P&gt;&lt;OL&gt;&lt;LI&gt;&lt;P&gt;&lt;SPAN&gt;We had an old copy of the HUC12s without the coastal buffer (~January 2011).&lt;/SPAN&gt;&lt;/P&gt;&lt;/LI&gt;&lt;LI&gt;&lt;P&gt;&lt;SPAN&gt;Select all HUCs in this layer with HU_12_DS of Ocean.&lt;/SPAN&gt;&lt;/P&gt;&lt;/LI&gt;&lt;LI&gt;&lt;P&gt;&lt;SPAN&gt;Intersect the layer with the older layer, generating split coastal HUC12s.&lt;/SPAN&gt;&lt;/P&gt;&lt;/LI&gt;&lt;LI&gt;&lt;P&gt;&lt;SPAN&gt;Select all polygons that are offshore. Change ID so that the first digit is now an M (instead of a 1. Stands for modified. "O" for ocean was considered, but looked too much like a zero)&lt;/SPAN&gt;&lt;/P&gt;&lt;/LI&gt;&lt;LI&gt;&lt;P&gt;&lt;SPAN&gt;remove the Ocean flowing HUCs from the original layer,&lt;/SPAN&gt;&lt;/P&gt;&lt;/LI&gt;&lt;LI&gt;&lt;P&gt;&lt;SPAN&gt;Merge in the new split HUCs&lt;/SPAN&gt;&lt;/P&gt;&lt;/LI&gt;&lt;/OL&gt;&lt;/DIV&gt;&lt;/DIV&gt;</idAbs><tpCat><TopicCatCd value="007"/></tpCat></dataIdInfo><mdLang><languageCode value="eng"/><countryCode value="USA" Sync="TRUE"/></mdLang><mdChar><CharSetCd value="004"/></mdChar><distInfo xmlns=""><distFormat xmlns=""><formatName Sync="TRUE">Shapefile</formatName><formatVer>10.1</formatVer></distFormat><distTranOps><transSize Sync="TRUE">0.000</transSize></distTranOps></distInfo><mdHrLv><ScopeCd value="005"/></mdHrLv><mdHrLvName Sync="TRUE">dataset</mdHrLvName><refSysInfo><RefSystem><refSysID><identCode code="4269"/><idCodeSpace Sync="TRUE">EPSG</idCodeSpace><idVersion Sync="TRUE">8.2.6</idVersion></refSysID></RefSystem></refSysInfo><spdoinfo><ptvctinf><esriterm Name="huc12_centroids"><efeatyp Sync="TRUE">Simple</efeatyp><efeageom code="1" Sync="TRUE"></efeageom><esritopo Sync="TRUE">FALSE</esritopo><efeacnt Sync="TRUE">0</efeacnt><spindex Sync="TRUE">FALSE</spindex><linrefer Sync="TRUE">FALSE</linrefer></esriterm></ptvctinf></spdoinfo><spatRepInfo><VectSpatRep><geometObjs Name="huc12_centroids"><geoObjTyp><GeoObjTypCd value="004" Sync="TRUE"></GeoObjTypCd></geoObjTyp><geoObjCnt Sync="TRUE">0</geoObjCnt></geometObjs><topLvl><TopoLevCd value="001" Sync="TRUE"></TopoLevCd></topLvl></VectSpatRep></spatRepInfo><eainfo><detailed Name="huc12_centroids" xmlns=""><enttyp><enttypl Sync="TRUE">huc12_centroids</enttypl><enttypt Sync="TRUE">Feature Class</enttypt><enttypc Sync="TRUE">0</enttypc></enttyp><attr><attrlabl Sync="TRUE">FID</attrlabl><attalias Sync="TRUE">FID</attalias><attrtype Sync="TRUE">OID</attrtype><attwidth Sync="TRUE">4</attwidth><atprecis Sync="TRUE">0</atprecis><attscale Sync="TRUE">0</attscale><attrdef Sync="TRUE">Internal feature number.</attrdef><attrdefs Sync="TRUE">Esri</attrdefs><attrdomv><udom Sync="TRUE">Sequential unique whole numbers that are automatically generated.</udom></attrdomv></attr><attr><attrlabl Sync="TRUE">SHAPE</attrlabl><attalias Sync="TRUE">Shape</attalias><attrtype Sync="TRUE">Geometry</attrtype><attwidth Sync="TRUE">0</attwidth><atprecis Sync="TRUE">0</atprecis><attscale Sync="TRUE">0</attscale><attrdef Sync="TRUE">Feature geometry.</attrdef><attrdefs Sync="TRUE">ESRI</attrdefs><attrdomv><udom Sync="TRUE">Coordinates defining the features.</udom></attrdomv></attr><attr><attrlabl Sync="TRUE">HUC_8</attrlabl><attalias Sync="TRUE">HUC_8</attalias><attrtype Sync="TRUE">String</attrtype><attwidth Sync="TRUE">8</attwidth><atprecis Sync="TRUE">0</atprecis><attscale Sync="TRUE">0</attscale></attr><attr><attrlabl Sync="TRUE">HUC_10</attrlabl><attalias Sync="TRUE">HUC_10</attalias><attrtype Sync="TRUE">String</attrtype><attwidth Sync="TRUE">10</attwidth><atprecis Sync="TRUE">0</atprecis><attscale Sync="TRUE">0</attscale></attr><attr><attrlabl Sync="TRUE">HUC_12</attrlabl><attalias Sync="TRUE">HUC_12</attalias><attrtype Sync="TRUE">String</attrtype><attwidth Sync="TRUE">12</attwidth><atprecis Sync="TRUE">0</atprecis><attscale Sync="TRUE">0</attscale></attr><attr><attrlabl Sync="TRUE">ACRES</attrlabl><attalias Sync="TRUE">ACRES</attalias><attrtype Sync="TRUE">Double</attrtype><attwidth Sync="TRUE">19</attwidth><atprecis Sync="TRUE">0</atprecis><attscale Sync="TRUE">0</attscale></attr><attr><attrlabl Sync="TRUE">NCONTRB_A</attrlabl><attalias Sync="TRUE">NCONTRB_A</attalias><attrtype Sync="TRUE">Double</attrtype><attwidth Sync="TRUE">19</attwidth><atprecis Sync="TRUE">0</atprecis><attscale Sync="TRUE">0</attscale></attr><attr><attrlabl Sync="TRUE">HU_10_GNIS</attrlabl><attalias Sync="TRUE">HU_10_GNIS</attalias><attrtype Sync="TRUE">String</attrtype><attwidth Sync="TRUE">23</attwidth><atprecis Sync="TRUE">0</atprecis><attscale Sync="TRUE">0</attscale></attr><attr><attrlabl Sync="TRUE">HU_12_GNIS</attrlabl><attalias Sync="TRUE">HU_12_GNIS</attalias><attrtype Sync="TRUE">String</attrtype><attwidth Sync="TRUE">23</attwidth><atprecis Sync="TRUE">0</atprecis><attscale Sync="TRUE">0</attscale></attr><attr><attrlabl Sync="TRUE">HU_10_DS</attrlabl><attalias Sync="TRUE">HU_10_DS</attalias><attrtype Sync="TRUE">String</attrtype><attwidth Sync="TRUE">10</attwidth><atprecis Sync="TRUE">0</atprecis><attscale Sync="TRUE">0</attscale></attr><attr><attrlabl Sync="TRUE">HU_10_NAME</attrlabl><attalias Sync="TRUE">HU_10_NAME</attalias><attrtype Sync="TRUE">String</attrtype><attwidth Sync="TRUE">80</attwidth><atprecis Sync="TRUE">0</atprecis><attscale Sync="TRUE">0</attscale></attr><attr><attrlabl Sync="TRUE">HU_10_MOD</attrlabl><attalias Sync="TRUE">HU_10_MOD</attalias><attrtype Sync="TRUE">String</attrtype><attwidth Sync="TRUE">20</attwidth><atprecis Sync="TRUE">0</atprecis><attscale Sync="TRUE">0</attscale></attr><attr><attrlabl Sync="TRUE">HU_10_TYPE</attrlabl><attalias Sync="TRUE">HU_10_TYPE</attalias><attrtype Sync="TRUE">String</attrtype><attwidth Sync="TRUE">1</attwidth><atprecis Sync="TRUE">0</atprecis><attscale Sync="TRUE">0</attscale></attr><attr><attrlabl Sync="TRUE">HU_12_DS</attrlabl><attalias Sync="TRUE">HU_12_DS</attalias><attrtype Sync="TRUE">String</attrtype><attwidth Sync="TRUE">12</attwidth><atprecis Sync="TRUE">0</atprecis><attscale Sync="TRUE">0</attscale></attr><attr><attrlabl Sync="TRUE">HU_12_NAME</attrlabl><attalias Sync="TRUE">HU_12_NAME</attalias><attrtype Sync="TRUE">String</attrtype><attwidth Sync="TRUE">80</attwidth><atprecis Sync="TRUE">0</atprecis><attscale Sync="TRUE">0</attscale></attr><attr><attrlabl Sync="TRUE">HU_12_MOD</attrlabl><attalias Sync="TRUE">HU_12_MOD</attalias><attrtype Sync="TRUE">String</attrtype><attwidth Sync="TRUE">20</attwidth><atprecis Sync="TRUE">0</atprecis><attscale Sync="TRUE">0</attscale></attr><attr><attrlabl Sync="TRUE">HU_12_TYPE</attrlabl><attalias Sync="TRUE">HU_12_TYPE</attalias><attrtype Sync="TRUE">String</attrtype><attwidth Sync="TRUE">1</attwidth><atprecis Sync="TRUE">0</atprecis><attscale Sync="TRUE">0</attscale></attr><attr><attrlabl Sync="TRUE">META_ID</attrlabl><attalias Sync="TRUE">META_ID</attalias><attrtype Sync="TRUE">String</attrtype><attwidth Sync="TRUE">4</attwidth><atprecis Sync="TRUE">0</atprecis><attscale Sync="TRUE">0</attscale></attr><attr><attrlabl Sync="TRUE">STATES</attrlabl><attalias Sync="TRUE">STATES</attalias><attrtype Sync="TRUE">String</attrtype><attwidth Sync="TRUE">20</attwidth><atprecis Sync="TRUE">0</atprecis><attscale Sync="TRUE">0</attscale></attr><attr><attrlabl Sync="TRUE">Shape_Leng</attrlabl><attalias Sync="TRUE">Shape_Leng</attalias><attrtype Sync="TRUE">Double</attrtype><attwidth Sync="TRUE">19</attwidth><atprecis Sync="TRUE">0</atprecis><attscale Sync="TRUE">0</attscale></attr><attr><attrlabl Sync="TRUE">SHAPE_Area</attrlabl><attalias Sync="TRUE">Shape_Area</attalias><attrtype Sync="TRUE">Double</attrtype><attwidth Sync="TRUE">19</attwidth><atprecis Sync="TRUE">0</atprecis><attscale Sync="TRUE">0</attscale><attrdef Sync="TRUE">Area of feature in internal units squared.</attrdef><attrdefs Sync="TRUE">ESRI</attrdefs><attrdomv><udom Sync="TRUE">Positive real numbers that are automatically generated.</udom></attrdomv></attr><attr><attrlabl Sync="TRUE">ORIG_FID</attrlabl><attalias Sync="TRUE">ORIG_FID</attalias><attrtype Sync="TRUE">Integer</attrtype><attwidth Sync="TRUE">9</attwidth><atprecis Sync="TRUE">9</atprecis><attscale Sync="TRUE">0</attscale></attr></detailed></eainfo><mdDateSt Sync="TRUE">20140801</mdDateSt></metadata>
