<?xml version="1.0" encoding="UTF-8"?>
<metadata xml:lang="en"><Esri><CreaDate>20151019</CreaDate><CreaTime>16442100</CreaTime><ArcGISFormat>1.0</ArcGISFormat><SyncOnce>FALSE</SyncOnce><DataProperties><itemProps><itemName Sync="TRUE">CA_OR_dams</itemName><imsContentType Sync="TRUE">002</imsContentType><itemLocation><linkage Sync="TRUE">file://\\cws-s1.ou.ad3.ucdavis.edu\home\rapeek\private\GIS\PhD\CA_OR_dams.shp</linkage><protocol Sync="TRUE">Local Area Network</protocol></itemLocation><itemSize Sync="TRUE">0.000</itemSize></itemProps><coordRef><type Sync="TRUE">Projected</type><geogcsn Sync="TRUE">GCS_North_American_1983</geogcsn><projcsn Sync="TRUE">NAD_1983_California_Teale_Albers</projcsn><peXml Sync="TRUE">&lt;ProjectedCoordinateSystem xsi:type='typens:ProjectedCoordinateSystem' xmlns:xsi='http://www.w3.org/2001/XMLSchema-instance' xmlns:xs='http://www.w3.org/2001/XMLSchema' xmlns:typens='http://www.esri.com/schemas/ArcGIS/10.5'&gt;&lt;WKT&gt;PROJCS[&amp;quot;NAD_1983_California_Teale_Albers&amp;quot;,GEOGCS[&amp;quot;GCS_North_American_1983&amp;quot;,DATUM[&amp;quot;D_North_American_1983&amp;quot;,SPHEROID[&amp;quot;GRS_1980&amp;quot;,6378137.0,298.257222101]],PRIMEM[&amp;quot;Greenwich&amp;quot;,0.0],UNIT[&amp;quot;Degree&amp;quot;,0.0174532925199433]],PROJECTION[&amp;quot;Albers&amp;quot;],PARAMETER[&amp;quot;False_Easting&amp;quot;,0.0],PARAMETER[&amp;quot;False_Northing&amp;quot;,-4000000.0],PARAMETER[&amp;quot;Central_Meridian&amp;quot;,-120.0],PARAMETER[&amp;quot;Standard_Parallel_1&amp;quot;,34.0],PARAMETER[&amp;quot;Standard_Parallel_2&amp;quot;,40.5],PARAMETER[&amp;quot;Latitude_Of_Origin&amp;quot;,0.0],UNIT[&amp;quot;Meter&amp;quot;,1.0],AUTHORITY[&amp;quot;EPSG&amp;quot;,3310]]&lt;/WKT&gt;&lt;XOrigin&gt;-16909700&lt;/XOrigin&gt;&lt;YOrigin&gt;-8597000&lt;/YOrigin&gt;&lt;XYScale&gt;266332319.7555542&lt;/XYScale&gt;&lt;ZOrigin&gt;-100000&lt;/ZOrigin&gt;&lt;ZScale&gt;10000&lt;/ZScale&gt;&lt;MOrigin&gt;-100000&lt;/MOrigin&gt;&lt;MScale&gt;10000&lt;/MScale&gt;&lt;XYTolerance&gt;0.001&lt;/XYTolerance&gt;&lt;ZTolerance&gt;0.001&lt;/ZTolerance&gt;&lt;MTolerance&gt;0.001&lt;/MTolerance&gt;&lt;HighPrecision&gt;true&lt;/HighPrecision&gt;&lt;WKID&gt;3310&lt;/WKID&gt;&lt;LatestWKID&gt;3310&lt;/LatestWKID&gt;&lt;/ProjectedCoordinateSystem&gt;</peXml><csUnits Sync="TRUE">Linear Unit: Meter (1.000000)</csUnits></coordRef><lineage><Process ToolSource="C:\Program Files (x86)\ArcGIS\Desktop10.0\ArcToolbox\Toolboxes\Data Management Tools.tbx\Merge" Date="20121015" Time="154107">Merge Dams5937_v8_eval_temp3;exp_supp C:\Users\tgrantham\Documents\ArcGIS\Default1.gdb\Dams5937_v8_eval_temp3_Merge "NID "NID" true true false 254 Text 0 0 ,First,#,Dams5937_v8_eval_temp3,NID,-1,-1,exp_supp,NID,-1,-1;NAME "NAME" true true false 254 Text 0 0 ,First,#,Dams5937_v8_eval_temp3,NAME,-1,-1,exp_supp,NAME,-1,-1;COUNTY "COUNTY" true true false 254 Text 0 0 ,First,#,Dams5937_v8_eval_temp3,COUNTY,-1,-1,exp_supp,COUNTY,-1,-1;RIVER "RIVER" true true false 254 Text 0 0 ,First,#,Dams5937_v8_eval_temp3,RIVER,-1,-1,exp_supp,RIVER,-1,-1;RIVER_OTHE "RIVER_OTHE" true true false 254 Text 0 0 ,First,#,Dams5937_v8_eval_temp3,RIVER_OTHE,-1,-1,exp_supp,RIVER_OTHE,-1,-1;NHD_STREAM "NHD_STREAM" true true false 254 Text 0 0 ,First,#,Dams5937_v8_eval_temp3,NHD_STREAM,-1,-1,exp_supp,NHD_STREAM,-1,-1;POINT_X "POINT_X" true true false 16 Double 6 15 ,First,#,Dams5937_v8_eval_temp3,POINT_X,-1,-1,exp_supp,POINT_X,-1,-1;POINT_Y "POINT_Y" true true false 16 Double 6 15 ,First,#,Dams5937_v8_eval_temp3,POINT_Y,-1,-1,exp_supp,POINT_Y,-1,-1;PPURP "PPURP" true true false 254 Text 0 0 ,First,#,Dams5937_v8_eval_temp3,PPURP,-1,-1,exp_supp,PPURP,-1,-1;PURP "PURP" true true false 254 Text 0 0 ,First,#,Dams5937_v8_eval_temp3,PURP,-1,-1,exp_supp,PURP,-1,-1;YEAR_BLT "YEAR_BLT" true true false 16 Double 6 15 ,First,#,Dams5937_v8_eval_temp3,YEAR_BLT,-1,-1,exp_supp,YEAR_BLT,-1,-1;YEAR_MOD "YEAR_MOD" true true false 254 Text 0 0 ,First,#,Dams5937_v8_eval_temp3,YEAR_MOD,-1,-1,exp_supp,YEAR_MOD,-1,-1;OWNER "OWNER" true true false 254 Text 0 0 ,First,#,Dams5937_v8_eval_temp3,OWNER,-1,-1,exp_supp,OWNER,-1,-1;OWN_TYPE "OWN_TYPE" true true false 254 Text 0 0 ,First,#,Dams5937_v8_eval_temp3,OWN_TYPE,-1,-1,exp_supp,OWN_TYPE,-1,-1;ST_AGENCY "ST_AGENCY" true true false 254 Text 0 0 ,First,#,Dams5937_v8_eval_temp3,ST_AGENCY,-1,-1,exp_supp,ST_AGENCY,-1,-1;FERC_NEXUS "FERC_NEXUS" true true false 254 Text 0 0 ,First,#,Dams5937_v8_eval_temp3,FERC_NEXUS,-1,-1,exp_supp,FERC_NEXUS,-1,-1;HEIGHT "HEIGHT" true true false 16 Double 6 15 ,First,#,Dams5937_v8_eval_temp3,HEIGHT,-1,-1,exp_supp,HEIGHT,-1,-1;STORAGE "STORAGE" true true false 16 Double 6 15 ,First,#,Dams5937_v8_eval_temp3,STORAGE,-1,-1,exp_supp,STORAGE,-1,-1;RESAREA "RESAREA" true true false 16 Double 6 15 ,First,#,Dams5937_v8_eval_temp3,RESAREA,-1,-1,exp_supp,RESAREA,-1,-1;DRAINAGE "DRAINAGE" true true false 16 Double 6 15 ,First,#,Dams5937_v8_eval_temp3,DRAINAGE,-1,-1,exp_supp,DRAINAGE,-1,-1;BASIN_AREA "BASIN_AREA" true true false 16 Double 6 15 ,First,#,Dams5937_v8_eval_temp3,BASIN_AREA,-1,-1,exp_supp,BASIN_AREA,-1,-1;BASIN_ID "BASIN_ID" true true false 16 Double 6 15 ,First,#,Dams5937_v8_eval_temp3,BASIN_ID,-1,-1,exp_supp,BASIN_ID,-1,-1;SOURCE "SOURCE" true true false 254 Text 0 0 ,First,#,Dams5937_v8_eval_temp3,SOURCE,-1,-1,exp_supp,SOURCE,-1,-1;DAM_LOCATI "DAM_LOCATI" true true false 254 Text 0 0 ,First,#,Dams5937_v8_eval_temp3,DAM_LOCATI,-1,-1,exp_supp,DAM_LOCATI,-1,-1;EXCLUDE "EXCLUDE" true true false 16 Double 6 15 ,First,#,Dams5937_v8_eval_temp3,EXCLUDE,-1,-1,exp_supp,EXCLUDE,-1,-1;EXCL_REASO "EXCL_REASO" true true false 254 Text 0 0 ,First,#,Dams5937_v8_eval_temp3,EXCL_REASO,-1,-1,exp_supp,EXCL_REASO,-1,-1;_NOTES "_NOTES" true true false 254 Text 0 0 ,First,#,Dams5937_v8_eval_temp3,5937_NOTES,-1,-1,exp_supp,5937_NOTES,-1,-1;PASSAGEID "PASSAGEID" true true false 16 Double 6 15 ,First,#,Dams5937_v8_eval_temp3,PASSAGEID,-1,-1,exp_supp,PASSAGEID,-1,-1;PASSAGEID_ "PASSAGEID_" true true false 254 Text 0 0 ,First,#,Dams5937_v8_eval_temp3,PASSAGEID_,-1,-1,exp_supp,PASSAGEID_,-1,-1;GAGE_DS "GAGE_DS" true true false 16 Double 6 15 ,First,#,Dams5937_v8_eval_temp3,GAGE_DS,-1,-1,exp_supp,GAGE_DS,-1,-1;GAGE_ID "GAGE_ID" true true false 16 Double 6 15 ,First,#,Dams5937_v8_eval_temp3,GAGE_ID,-1,-1,exp_supp,GAGE_ID,-1,-1;NID_1 "NID_1" true true false 254 Text 0 0 ,First,#,Dams5937_v8_eval_temp3,NID_1,-1,-1,exp_supp,NID_1,-1,-1;NAME_1 "NAME_1" true true false 254 Text 0 0 ,First,#,Dams5937_v8_eval_temp3,NAME_1,-1,-1,exp_supp,NAME_1,-1,-1;COUNTY_1 "COUNTY_1" true true false 254 Text 0 0 ,First,#,Dams5937_v8_eval_temp3,COUNTY_1,-1,-1,exp_supp,COUNTY_1,-1,-1;RIVER_1 "RIVER_1" true true false 254 Text 0 0 ,First,#,Dams5937_v8_eval_temp3,RIVER_1,-1,-1,exp_supp,RIVER_1,-1,-1;OWNER_1 "OWNER_1" true true false 254 Text 0 0 ,First,#,Dams5937_v8_eval_temp3,OWNER_1,-1,-1,exp_supp,OWNER_1,-1,-1;OWN_TYPE_1 "OWN_TYPE_1" true true false 254 Text 0 0 ,First,#,Dams5937_v8_eval_temp3,OWN_TYPE_1,-1,-1,exp_supp,OWN_TYPE_1,-1,-1;FERC_NEX_1 "FERC_NEX_1" true true false 254 Text 0 0 ,First,#,Dams5937_v8_eval_temp3,FERC_NEX_1,-1,-1,exp_supp,FERC_NEX_1,-1,-1;HEIGHT_1 "HEIGHT_1" true true false 16 Double 6 15 ,First,#,Dams5937_v8_eval_temp3,HEIGHT_1,-1,-1,exp_supp,HEIGHT_1,-1,-1;STORAGE_1 "STORAGE_1" true true false 16 Double 6 15 ,First,#,Dams5937_v8_eval_temp3,STORAGE_1,-1,-1,exp_supp,STORAGE_1,-1,-1;STORAGE_CU "STORAGE_CU" true true false 16 Double 6 15 ,First,#,Dams5937_v8_eval_temp3,STORAGE_CU,-1,-1,exp_supp,STORAGE_CU,-1,-1;DRAINAGE_1 "DRAINAGE_1" true true false 16 Double 6 15 ,First,#,Dams5937_v8_eval_temp3,DRAINAGE_1,-1,-1,exp_supp,DRAINAGE_1,-1,-1;BASIN_AR_1 "BASIN_AR_1" true true false 16 Double 6 15 ,First,#,Dams5937_v8_eval_temp3,BASIN_AR_1,-1,-1,exp_supp,BASIN_AR_1,-1,-1;NO_DAMS_IN "NO_DAMS_IN" true true false 16 Double 6 15 ,First,#,Dams5937_v8_eval_temp3,NO_DAMS_IN,-1,-1,exp_supp,NO_DAMS_IN,-1,-1;_NOT_1 "_NOT_1" true true false 254 Text 0 0 ,First,#,Dams5937_v8_eval_temp3,5937_NOT_1,-1,-1,exp_supp,5937_NOT_1,-1,-1"</Process><Process ToolSource="C:\Program Files (x86)\ArcGIS\Desktop10.0\ArcToolbox\Toolboxes\Data Management Tools.tbx\DeleteField" Date="20121015" Time="154329">DeleteField Dams5937_v8_eval_temp3_Merge NID;NAME;COUNTY;RIVER;RIVER_OTHE;NHD_STREAM;POINT_X;POINT_Y;PPURP;PURP;YEAR_BLT;YEAR_MOD;OWNER;OWN_TYPE;ST_AGENCY;FERC_NEXUS;HEIGHT;STORAGE;RESAREA;DRAINAGE;BASIN_AREA;BASIN_ID;SOURCE;DAM_LOCATI;EXCLUDE;EXCL_REASO;_NOTES;PASSAGEID;PASSAGEID_;GAGE_DS;GAGE_ID;OWNER_1;OWN_TYPE_1;FERC_NEX_1;STORAGE_CU;DRAINAGE_1;NO_DAMS_IN;_NOT_1</Process><Process ToolSource="C:\Program Files (x86)\ArcGIS\Desktop10.0\ArcToolbox\Toolboxes\Data Management Tools.tbx\AddField" Date="20121015" Time="155233">AddField Dams5937_v8_eval_temp3_Merge NID STRING # # # # NULLABLE NON_REQUIRED #</Process><Process ToolSource="C:\Program Files (x86)\ArcGIS\Desktop10.0\ArcToolbox\Toolboxes\Data Management Tools.tbx\AddField" Date="20121015" Time="155233">AddField Dams5937_v8_eval_temp3_Merge NAME TEXT # # # # NULLABLE NON_REQUIRED #</Process><Process ToolSource="C:\Program Files (x86)\ArcGIS\Desktop10.0\ArcToolbox\Toolboxes\Data Management Tools.tbx\AddField" Date="20121015" Time="155233">AddField Dams5937_v8_eval_temp3_Merge COUNTY TEXT # # # # NULLABLE NON_REQUIRED #</Process><Process ToolSource="C:\Program Files (x86)\ArcGIS\Desktop10.0\ArcToolbox\Toolboxes\Data Management Tools.tbx\AddField" Date="20121015" Time="155233">AddField Dams5937_v8_eval_temp3_Merge RIVER TEXT # # # # NULLABLE NON_REQUIRED #</Process><Process ToolSource="C:\Program Files (x86)\ArcGIS\Desktop10.0\ArcToolbox\Toolboxes\Data Management Tools.tbx\AddField" Date="20121015" Time="155233">AddField Dams5937_v8_eval_temp3_Merge HEIGHT_FT DOUBLE # # # # NULLABLE NON_REQUIRED #</Process><Process ToolSource="C:\Program Files (x86)\ArcGIS\Desktop10.0\ArcToolbox\Toolboxes\Data Management Tools.tbx\AddField" Date="20121015" Time="155233">AddField Dams5937_v8_eval_temp3_Merge STOR_AF DOUBLE # # # # NULLABLE NON_REQUIRED #</Process><Process ToolSource="C:\Program Files (x86)\ArcGIS\Desktop10.0\ArcToolbox\Toolboxes\Data Management Tools.tbx\AddField" Date="20121015" Time="155234">AddField Dams5937_v8_eval_temp3_Merge BASIN_SQMI DOUBLE # # # # NULLABLE NON_REQUIRED #</Process><Process ToolSource="C:\Program Files (x86)\ArcGIS\Desktop10.0\ArcToolbox\Toolboxes\Data Management Tools.tbx\CalculateField" Date="20121015" Time="155307">CalculateField Dams5937_v8_eval_temp3_Merge NID [NID_1] VB #</Process><Process ToolSource="C:\Program Files (x86)\ArcGIS\Desktop10.0\ArcToolbox\Toolboxes\Data Management Tools.tbx\CalculateField" Date="20121015" Time="155324">CalculateField Dams5937_v8_eval_temp3_Merge NAME [NAME_1] VB #</Process><Process ToolSource="C:\Program Files (x86)\ArcGIS\Desktop10.0\ArcToolbox\Toolboxes\Data Management Tools.tbx\CalculateField" Date="20121015" Time="155332">CalculateField Dams5937_v8_eval_temp3_Merge COUNTY [COUNTY_1] VB #</Process><Process ToolSource="C:\Program Files (x86)\ArcGIS\Desktop10.0\ArcToolbox\Toolboxes\Data Management Tools.tbx\CalculateField" Date="20121015" Time="155341">CalculateField Dams5937_v8_eval_temp3_Merge RIVER [RIVER_1] VB #</Process><Process ToolSource="C:\Program Files (x86)\ArcGIS\Desktop10.0\ArcToolbox\Toolboxes\Data Management Tools.tbx\CalculateField" Date="20121015" Time="155350">CalculateField Dams5937_v8_eval_temp3_Merge HEIGHT_FT [HEIGHT_1] VB #</Process><Process ToolSource="C:\Program Files (x86)\ArcGIS\Desktop10.0\ArcToolbox\Toolboxes\Data Management Tools.tbx\CalculateField" Date="20121015" Time="155404">CalculateField Dams5937_v8_eval_temp3_Merge STOR_AF [STORAGE_1] VB #</Process><Process ToolSource="C:\Program Files (x86)\ArcGIS\Desktop10.0\ArcToolbox\Toolboxes\Data Management Tools.tbx\CalculateField" Date="20121015" Time="155413">CalculateField Dams5937_v8_eval_temp3_Merge BASIN_SQMI [BASIN_AR_1] VB #</Process><Process ToolSource="C:\Program Files (x86)\ArcGIS\Desktop10.0\ArcToolbox\Toolboxes\Data Management Tools.tbx\DeleteField" Date="20121015" Time="155429">DeleteField Dams5937_v8_eval_temp3_Merge NID_1;NAME_1;COUNTY_1;RIVER_1;HEIGHT_1;STORAGE_1;BASIN_AR_1</Process><Process ToolSource="c:\program files (x86)\arcgis\desktop10.0\ArcToolbox\Toolboxes\Data Management Tools.tbx\AddField" Date="20121114" Time="083713">AddField Dams5937_v8_eval STO_m3 DOUBLE # # # # NON_NULLABLE NON_REQUIRED #</Process><Process ToolSource="C:\Program Files (x86)\ArcGIS\Desktop10.0\ArcToolbox\Toolboxes\Data Management Tools.tbx\CalculateField" Date="20121114" Time="083750">CalculateField Dams5937_v8_eval STO_m3 "[STOR_AF] *1233.4818553 " VB #</Process><Process ToolSource="c:\program files (x86)\arcgis\desktop10.0\ArcToolbox\Toolboxes\Data Management Tools.tbx\AddField" Date="20121114" Time="083945">AddField Dams5937_v8_eval STO_10^6m3 DOUBLE # # # # NON_NULLABLE NON_REQUIRED #</Process><Process ToolSource="C:\Program Files (x86)\ArcGIS\Desktop10.0\ArcToolbox\Toolboxes\Data Management Tools.tbx\CalculateField" Date="20121114" Time="084011">CalculateField Dams5937_v8_eval STO_10_6m3 [STO_m3]/1000000 VB #</Process><Process ToolSource="c:\program files (x86)\arcgis\desktop10.0\ArcToolbox\Toolboxes\Conversion Tools.tbx\FeatureClassToFeatureClass" Date="20131011" Time="105732">FeatureClassToFeatureClass "E:\Home\tgrantham\Private\Project 5937\GIS\dams5937_master\Dams5937_v8_eval.shp" E:\Freshwater_Conservation\Dams\GIS\CA_dams.mdb CA_dams # "OBJECTID "OBJECTID" true true false 9 Long 0 9 ,First,#,E:\Home\tgrantham\Private\Project 5937\GIS\dams5937_master\Dams5937_v8_eval.shp,OBJECTID,-1,-1;NID "NID" true true false 254 Text 0 0 ,First,#,E:\Home\tgrantham\Private\Project 5937\GIS\dams5937_master\Dams5937_v8_eval.shp,NID,-1,-1;NAME "NAME" true true false 254 Text 0 0 ,First,#,E:\Home\tgrantham\Private\Project 5937\GIS\dams5937_master\Dams5937_v8_eval.shp,NAME,-1,-1;COUNTY "COUNTY" true true false 254 Text 0 0 ,First,#,E:\Home\tgrantham\Private\Project 5937\GIS\dams5937_master\Dams5937_v8_eval.shp,COUNTY,-1,-1;RIVER "RIVER" true true false 254 Text 0 0 ,First,#,E:\Home\tgrantham\Private\Project 5937\GIS\dams5937_master\Dams5937_v8_eval.shp,RIVER,-1,-1;HEIGHT_FT "HEIGHT_FT" true true false 19 Double 0 0 ,First,#,E:\Home\tgrantham\Private\Project 5937\GIS\dams5937_master\Dams5937_v8_eval.shp,HEIGHT_FT,-1,-1;STOR_AF "STOR_AF" true true false 19 Double 0 0 ,First,#,E:\Home\tgrantham\Private\Project 5937\GIS\dams5937_master\Dams5937_v8_eval.shp,STOR_AF,-1,-1;BASIN_SQMI "BASIN_SQMI" true true false 19 Double 0 0 ,First,#,E:\Home\tgrantham\Private\Project 5937\GIS\dams5937_master\Dams5937_v8_eval.shp,BASIN_SQMI,-1,-1;STO_m3 "STO_m3" true true false 19 Double 0 0 ,First,#,E:\Home\tgrantham\Private\Project 5937\GIS\dams5937_master\Dams5937_v8_eval.shp,STO_m3,-1,-1;STO_10_6m3 "STO_10_6m3" true true false 19 Double 0 0 ,First,#,E:\Home\tgrantham\Private\Project 5937\GIS\dams5937_master\Dams5937_v8_eval.shp,STO_10_6m3,-1,-1" #</Process><Process ToolSource="c:\program files (x86)\arcgis\desktop10.2\ArcToolbox\Toolboxes\Analysis Tools.tbx\Near" Date="20140311" Time="112614">Near CA_dams NHD_v1\Flowline_18_1_2 # NO_LOCATION NO_ANGLE PLANAR</Process><Process ToolSource="c:\program files (x86)\arcgis\desktop10.5\ArcToolbox\Toolboxes\Data Management Tools.tbx\Merge" Date="20170731" Time="162613">Merge CA_dams;Oregon_dams Z:\private\GIS\PhD\CA_OR_dams.shp "OBJECTID "OBJECTID" true true false 9 Long 0 9 ,First,#,CA_dams,OBJECTID_1,-1,-1;NID "NID" true true false 254 Text 0 0 ,First,#,CA_dams,NID,-1,-1;NAME "NAME" true true false 254 Text 0 0 ,First,#,CA_dams,NAME,-1,-1;COUNTY "COUNTY" true true false 254 Text 0 0 ,First,#,CA_dams,COUNTY,-1,-1,Oregon_dams,county,-1,-1;RIVER "RIVER" true true false 254 Text 0 0 ,First,#,CA_dams,RIVER,-1,-1,Oregon_dams,river,-1,-1;HEIGHT_FT "HEIGHT_FT" true true false 19 Double 0 0 ,First,#,CA_dams,HEIGHT_FT,-1,-1;STOR_AF "STOR_AF" true true false 19 Double 0 0 ,First,#,CA_dams,STOR_AF,-1,-1;BASIN_SQMI "BASIN_SQMI" true true false 19 Double 0 0 ,First,#,CA_dams,BASIN_SQMI,-1,-1;STO_m3 "STO_m3" true true false 19 Double 0 0 ,First,#,CA_dams,STO_m3,-1,-1;STO_10_6m3 "STO_10_6m3" true true false 19 Double 0 0 ,First,#,CA_dams,STO_10_6m3,-1,-1;NEAR_FID "NEAR_FID" true true false 9 Long 0 9 ,First,#,CA_dams,NEAR_FID,-1,-1;NEAR_DIST "NEAR_DIST" true true false 19 Double 0 0 ,First,#,CA_dams,NEAR_DIST,-1,-1;damname "damname" true true false 100 Text 0 0 ,First,#,Oregon_dams,damname,-1,-1;damheight "damheight" true true false 19 Double 0 0 ,First,#,Oregon_dams,damheight,-1,-1;nidstorage "nidstorage" true true false 19 Double 0 0 ,First,#,Oregon_dams,nidstorage,-1,-1;file_nbr "file_nbr" true true false 50 Text 0 0 ,First,#,Oregon_dams,file_nbr,-1,-1;basin_nbr "basin_nbr" true true false 9 Long 0 9 ,First,#,Oregon_dams,basin_nbr,-1,-1;location "location" true true false 50 Text 0 0 ,First,#,Oregon_dams,location,-1,-1;latitude "latitude" true true false 19 Double 0 0 ,First,#,Oregon_dams,latitude,-1,-1;longitude "longitude" true true false 19 Double 0 0 ,First,#,Oregon_dams,longitude,-1,-1;inspdate "inspdate" true true false 20 Text 0 0 ,First,#,Oregon_dams,inspdate,-1,-1"</Process></lineage></DataProperties><SyncDate>20170731</SyncDate><SyncTime>16260800</SyncTime><ModDate>20170731</ModDate><ModTime>16260800</ModTime><ArcGISstyle>FGDC CSDGM Metadata</ArcGISstyle></Esri><dataIdInfo><envirDesc Sync="TRUE"> Version 6.2 (Build 9200) ; Esri ArcGIS 10.5.0.6491</envirDesc><dataLang><languageCode value="eng" country="USA"></languageCode><countryCode value="USA" Sync="TRUE"></countryCode></dataLang><idCitation><resTitle Sync="TRUE">CA_OR_dams</resTitle><presForm><PresFormCd value="005"></PresFormCd></presForm></idCitation><descKeys><thesaName uuidref="723f6998-058e-11dc-8314-0800200c9a66"></thesaName><keyword Sync="TRUE">002</keyword></descKeys><spatRpType><SpatRepTypCd value="001"></SpatRepTypCd></spatRpType></dataIdInfo><mdLang><languageCode value="eng"></languageCode><countryCode value="USA" Sync="TRUE"></countryCode></mdLang><distInfo><distFormat><formatName Sync="TRUE">Shapefile</formatName></distFormat><distTranOps><transSize Sync="TRUE">0.000</transSize></distTranOps></distInfo><mdHrLv><ScopeCd value="005"></ScopeCd></mdHrLv><mdHrLvName Sync="TRUE">dataset</mdHrLvName><refSysInfo><RefSystem><refSysID><identCode code="3310"></identCode><idCodeSpace Sync="TRUE">EPSG</idCodeSpace><idVersion Sync="TRUE">6.8(9.2.0)</idVersion></refSysID></RefSystem></refSysInfo><spdoinfo><ptvctinf><esriterm Name="CA_OR_dams"><efeatyp Sync="TRUE">Simple</efeatyp><efeageom code="1" Sync="TRUE"></efeageom><esritopo Sync="TRUE">FALSE</esritopo><efeacnt Sync="TRUE">0</efeacnt><spindex Sync="TRUE">FALSE</spindex><linrefer Sync="TRUE">FALSE</linrefer></esriterm></ptvctinf></spdoinfo><spatRepInfo><VectSpatRep><geometObjs Name="CA_OR_dams"><geoObjTyp><GeoObjTypCd value="004" Sync="TRUE"></GeoObjTypCd></geoObjTyp><geoObjCnt Sync="TRUE">0</geoObjCnt></geometObjs><topLvl><TopoLevCd value="001" Sync="TRUE"></TopoLevCd></topLvl></VectSpatRep></spatRepInfo><eainfo><detailed Name="CA_OR_dams"><enttyp><enttypl Sync="TRUE">CA_OR_dams</enttypl><enttypt Sync="TRUE">Feature Class</enttypt><enttypc Sync="TRUE">0</enttypc></enttyp><attr><attrlabl Sync="TRUE">FID</attrlabl><attalias Sync="TRUE">FID</attalias><attrtype Sync="TRUE">OID</attrtype><attwidth Sync="TRUE">4</attwidth><atprecis Sync="TRUE">0</atprecis><attscale Sync="TRUE">0</attscale><attrdef Sync="TRUE">Internal feature number.</attrdef><attrdefs Sync="TRUE">Esri</attrdefs><attrdomv><udom Sync="TRUE">Sequential unique whole numbers that are automatically generated.</udom></attrdomv></attr><attr><attrlabl Sync="TRUE">OBJECTID</attrlabl><attalias Sync="TRUE">OBJECTID</attalias><attrtype Sync="TRUE">Integer</attrtype><attwidth Sync="TRUE">10</attwidth><atprecis Sync="TRUE">10</atprecis><attscale Sync="TRUE">0</attscale><attrdef Sync="TRUE">Internal feature number.</attrdef><attrdefs Sync="TRUE">ESRI</attrdefs><attrdomv><udom Sync="TRUE">Sequential unique whole numbers that are automatically generated.</udom></attrdomv></attr><attr><attrlabl Sync="TRUE">Shape</attrlabl><attalias Sync="TRUE">Shape</attalias><attrtype Sync="TRUE">Geometry</attrtype><attwidth Sync="TRUE">0</attwidth><atprecis Sync="TRUE">0</atprecis><attscale Sync="TRUE">0</attscale><attrdef Sync="TRUE">Feature geometry.</attrdef><attrdefs Sync="TRUE">ESRI</attrdefs><attrdomv><udom Sync="TRUE">Coordinates defining the features.</udom></attrdomv></attr><attr><attrlabl Sync="TRUE">NID</attrlabl><attalias Sync="TRUE">NID</attalias><attrtype Sync="TRUE">String</attrtype><attwidth Sync="TRUE">254</attwidth><atprecis Sync="TRUE">0</atprecis><attscale Sync="TRUE">0</attscale></attr><attr><attrlabl Sync="TRUE">NAME</attrlabl><attalias Sync="TRUE">NAME</attalias><attrtype Sync="TRUE">String</attrtype><attwidth Sync="TRUE">254</attwidth><atprecis Sync="TRUE">0</atprecis><attscale Sync="TRUE">0</attscale></attr><attr><attrlabl Sync="TRUE">COUNTY</attrlabl><attalias Sync="TRUE">COUNTY</attalias><attrtype Sync="TRUE">String</attrtype><attwidth Sync="TRUE">254</attwidth><atprecis Sync="TRUE">0</atprecis><attscale Sync="TRUE">0</attscale></attr><attr><attrlabl Sync="TRUE">RIVER</attrlabl><attalias Sync="TRUE">RIVER</attalias><attrtype Sync="TRUE">String</attrtype><attwidth Sync="TRUE">254</attwidth><atprecis Sync="TRUE">0</atprecis><attscale Sync="TRUE">0</attscale></attr><attr><attrlabl Sync="TRUE">HEIGHT_FT</attrlabl><attalias Sync="TRUE">HEIGHT_FT</attalias><attrtype Sync="TRUE">Double</attrtype><attwidth Sync="TRUE">19</attwidth><atprecis Sync="TRUE">0</atprecis><attscale Sync="TRUE">0</attscale></attr><attr><attrlabl Sync="TRUE">STOR_AF</attrlabl><attalias Sync="TRUE">STOR_AF</attalias><attrtype Sync="TRUE">Double</attrtype><attwidth Sync="TRUE">19</attwidth><atprecis Sync="TRUE">0</atprecis><attscale Sync="TRUE">0</attscale></attr><attr><attrlabl Sync="TRUE">BASIN_SQMI</attrlabl><attalias Sync="TRUE">BASIN_SQMI</attalias><attrtype Sync="TRUE">Double</attrtype><attwidth Sync="TRUE">19</attwidth><atprecis Sync="TRUE">0</atprecis><attscale Sync="TRUE">0</attscale></attr><attr><attrlabl Sync="TRUE">STO_m3</attrlabl><attalias Sync="TRUE">STO_m3</attalias><attrtype Sync="TRUE">Double</attrtype><attwidth Sync="TRUE">19</attwidth><atprecis Sync="TRUE">0</atprecis><attscale Sync="TRUE">0</attscale></attr><attr><attrlabl Sync="TRUE">STO_10_6m3</attrlabl><attalias Sync="TRUE">STO_10_6m3</attalias><attrtype Sync="TRUE">Double</attrtype><attwidth Sync="TRUE">19</attwidth><atprecis Sync="TRUE">0</atprecis><attscale Sync="TRUE">0</attscale></attr><attr><attrlabl Sync="TRUE">NEAR_FID</attrlabl><attalias Sync="TRUE">NEAR_FID</attalias><attrtype Sync="TRUE">Integer</attrtype><attwidth Sync="TRUE">10</attwidth><atprecis Sync="TRUE">10</atprecis><attscale Sync="TRUE">0</attscale></attr><attr><attrlabl Sync="TRUE">NEAR_DIST</attrlabl><attalias Sync="TRUE">NEAR_DIST</attalias><attrtype Sync="TRUE">Double</attrtype><attwidth Sync="TRUE">19</attwidth><atprecis Sync="TRUE">0</atprecis><attscale Sync="TRUE">0</attscale></attr><attr><attrlabl Sync="TRUE">damname</attrlabl><attalias Sync="TRUE">damname</attalias><attrtype Sync="TRUE">String</attrtype><attwidth Sync="TRUE">100</attwidth><atprecis Sync="TRUE">0</atprecis><attscale Sync="TRUE">0</attscale></attr><attr><attrlabl Sync="TRUE">damheight</attrlabl><attalias Sync="TRUE">damheight</attalias><attrtype Sync="TRUE">Double</attrtype><attwidth Sync="TRUE">19</attwidth><atprecis Sync="TRUE">0</atprecis><attscale Sync="TRUE">0</attscale></attr><attr><attrlabl Sync="TRUE">nidstorage</attrlabl><attalias Sync="TRUE">nidstorage</attalias><attrtype Sync="TRUE">Double</attrtype><attwidth Sync="TRUE">19</attwidth><atprecis Sync="TRUE">0</atprecis><attscale Sync="TRUE">0</attscale></attr><attr><attrlabl Sync="TRUE">file_nbr</attrlabl><attalias Sync="TRUE">file_nbr</attalias><attrtype Sync="TRUE">String</attrtype><attwidth Sync="TRUE">50</attwidth><atprecis Sync="TRUE">0</atprecis><attscale Sync="TRUE">0</attscale></attr><attr><attrlabl Sync="TRUE">basin_nbr</attrlabl><attalias Sync="TRUE">basin_nbr</attalias><attrtype Sync="TRUE">Integer</attrtype><attwidth Sync="TRUE">10</attwidth><atprecis Sync="TRUE">10</atprecis><attscale Sync="TRUE">0</attscale></attr><attr><attrlabl Sync="TRUE">location</attrlabl><attalias Sync="TRUE">location</attalias><attrtype Sync="TRUE">String</attrtype><attwidth Sync="TRUE">50</attwidth><atprecis Sync="TRUE">0</atprecis><attscale Sync="TRUE">0</attscale></attr><attr><attrlabl Sync="TRUE">latitude</attrlabl><attalias Sync="TRUE">latitude</attalias><attrtype Sync="TRUE">Double</attrtype><attwidth Sync="TRUE">19</attwidth><atprecis Sync="TRUE">0</atprecis><attscale Sync="TRUE">0</attscale></attr><attr><attrlabl Sync="TRUE">longitude</attrlabl><attalias Sync="TRUE">longitude</attalias><attrtype Sync="TRUE">Double</attrtype><attwidth Sync="TRUE">19</attwidth><atprecis Sync="TRUE">0</atprecis><attscale Sync="TRUE">0</attscale></attr><attr><attrlabl Sync="TRUE">inspdate</attrlabl><attalias Sync="TRUE">inspdate</attalias><attrtype Sync="TRUE">String</attrtype><attwidth Sync="TRUE">20</attwidth><atprecis Sync="TRUE">0</atprecis><attscale Sync="TRUE">0</attscale></attr></detailed></eainfo><mdDateSt Sync="TRUE">20170731</mdDateSt><mdChar><CharSetCd value="004" Sync="TRUE"></CharSetCd></mdChar></metadata>
